CLIENTNUM,概率,高精确
719455083,1.7989104173221607e-05,False
773503308,1.7989104173221607e-05,False
715452408,1.7989104173221607e-05,False
711264033,1.7989104173221607e-05,False
718943508,1.7989104173221607e-05,False
778247358,1.7989104173221607e-05,False
710431158,1.7989104173221607e-05,False
715252383,1.7989104173221607e-05,False
717189183,1.7989104173221607e-05,False
712050933,0.9999153853634436,True
714426783,1.7989104173221607e-05,False
721001883,1.7989104173221607e-05,False
716352033,1.7989104173221607e-05,False
713696808,0.9999153853634436,True
711199908,1.7989104173221607e-05,False
711203658,1.7989104173221607e-05,False
708538608,1.7989104173221607e-05,False
816528333,1.7989104173221607e-05,False
719835033,1.7989104173221607e-05,False
753856008,1.7989104173221607e-05,False
735008958,1.7989104173221607e-05,False
814611633,1.7989104173221607e-05,False
711583458,1.7989104173221607e-05,False
779701983,1.7989104173221607e-05,False
719042208,1.7989104173221607e-05,False
717929133,1.7989104173221607e-05,False
714522258,1.7989104173221607e-05,False
716244933,1.7989104173221607e-05,False
779749908,1.7989104173221607e-05,False
713440833,1.7989104173221607e-05,False
803335008,1.7989104173221607e-05,False
721448283,0.9999153853634436,True
713768358,1.7989104173221607e-05,False
713834358,1.7989104173221607e-05,False
708708858,0.9999153853634436,True
721508283,1.7989104173221607e-05,False
788658483,1.7989104173221607e-05,False
709285683,1.7989104173221607e-05,False
714603558,1.7989104173221607e-05,False
717622308,1.7989104173221607e-05,False
713693958,1.7989104173221607e-05,False
715098333,1.7989104173221607e-05,False
719239158,1.7989104173221607e-05,False
710027508,1.7989104173221607e-05,False
714318033,1.7989104173221607e-05,False
720126033,1.7989104173221607e-05,False
814195758,1.7989104173221607e-05,False
712152408,1.7989104173221607e-05,False
755305683,1.7989104173221607e-05,False
720372483,1.7989104173221607e-05,False
757194408,0.9999153853634436,True
719614758,1.7989104173221607e-05,False
771224358,1.7989104173221607e-05,False
712634133,1.7989104173221607e-05,False
711694083,1.7989104173221607e-05,False
806428908,1.7989104173221607e-05,False
720371733,1.7989104173221607e-05,False
716077458,1.7989104173221607e-05,False
719845908,1.7989104173221607e-05,False
708219858,1.7989104173221607e-05,False
712420833,1.7989104173221607e-05,False
714593883,1.7989104173221607e-05,False
780078333,1.7989104173221607e-05,False
716353083,1.7989104173221607e-05,False
708337683,1.7989104173221607e-05,False
719098308,0.9999153853634436,True
718890933,0.9999153853634436,True
770878458,1.7989104173221607e-05,False
780203883,1.7989104173221607e-05,False
716745408,1.7989104173221607e-05,False
770724558,0.9999153853634436,True
779269158,0.9999153853634436,True
718888308,1.7989104173221607e-05,False
714350658,1.7989104173221607e-05,False
710748483,1.7989104173221607e-05,False
772339383,1.7989104173221607e-05,False
712973733,1.7989104173221607e-05,False
754851783,1.7989104173221607e-05,False
715312158,1.7989104173221607e-05,False
714690633,1.7989104173221607e-05,False
717740658,1.7989104173221607e-05,False
717666783,0.9999153853634436,True
787514433,1.7989104173221607e-05,False
779995833,1.7989104173221607e-05,False
717742908,1.7989104173221607e-05,False
718227033,1.7989104173221607e-05,False
714647808,1.7989104173221607e-05,False
718474683,1.7989104173221607e-05,False
709246683,1.7989104173221607e-05,False
715394883,1.7989104173221607e-05,False
772629333,1.7989104173221607e-05,False
721063533,1.7989104173221607e-05,False
793543758,1.7989104173221607e-05,False
708997833,1.7989104173221607e-05,False
718349058,1.7989104173221607e-05,False
717849708,1.7989104173221607e-05,False
721426383,0.9999153853634436,True
713217858,1.7989104173221607e-05,False
711634008,1.7989104173221607e-05,False
718194858,1.7989104173221607e-05,False
780025908,1.7989104173221607e-05,False
713571258,1.7989104173221607e-05,False
779885358,1.7989104173221607e-05,False
711963183,1.7989104173221607e-05,False
771776808,0.9999153853634436,True
719451483,1.7989104173221607e-05,False
789235383,1.7989104173221607e-05,False
819160158,1.7989104173221607e-05,False
779656908,1.7989104173221607e-05,False
708745983,1.7989104173221607e-05,False
712991808,1.7989104173221607e-05,False
715318008,1.7989104173221607e-05,False
711357858,0.9999153853634436,True
778242708,1.7989104173221607e-05,False
755437533,1.7989104173221607e-05,False
796170933,1.7989104173221607e-05,False
827442858,1.7989104173221607e-05,False
787523283,1.7989104173221607e-05,False
771816408,1.7989104173221607e-05,False
772794108,1.7989104173221607e-05,False
716853258,1.7989104173221607e-05,False
789701658,1.7989104173221607e-05,False
712452033,1.7989104173221607e-05,False
778745058,1.7989104173221607e-05,False
711156858,0.9999153853634436,True
808964433,1.7989104173221607e-05,False
714757083,0.9999153853634436,True
778399008,1.7989104173221607e-05,False
758382183,1.7989104173221607e-05,False
721122258,1.7989104173221607e-05,False
827108583,1.7989104173221607e-05,False
794784633,1.7989104173221607e-05,False
710592933,1.7989104173221607e-05,False
780008358,0.9999153853634436,True
715623483,1.7989104173221607e-05,False
711210633,1.7989104173221607e-05,False
783070833,1.7989104173221607e-05,False
713977308,1.7989104173221607e-05,False
720621408,1.7989104173221607e-05,False
778239933,1.7989104173221607e-05,False
712271958,1.7989104173221607e-05,False
720260433,1.7989104173221607e-05,False
770753733,1.7989104173221607e-05,False
778623858,1.7989104173221607e-05,False
713401758,1.7989104173221607e-05,False
789050883,1.7989104173221607e-05,False
771190083,1.7989104173221607e-05,False
781089708,1.7989104173221607e-05,False
817142433,1.7989104173221607e-05,False
712018233,1.7989104173221607e-05,False
708784083,1.7989104173221607e-05,False
766322883,1.7989104173221607e-05,False
712216533,1.7989104173221607e-05,False
811762383,1.7989104173221607e-05,False
718011783,1.7989104173221607e-05,False
714032883,1.7989104173221607e-05,False
788846508,1.7989104173221607e-05,False
715496058,0.9999153853634436,True
709531908,1.7989104173221607e-05,False
773356008,1.7989104173221607e-05,False
778176108,1.7989104173221607e-05,False
709460883,0.9999153853634436,True
779765058,1.7989104173221607e-05,False
769709058,1.7989104173221607e-05,False
812973708,1.7989104173221607e-05,False
713281833,0.9999153853634436,True
790048158,1.7989104173221607e-05,False
817240833,1.7989104173221607e-05,False
797757333,1.7989104173221607e-05,False
717773433,1.7989104173221607e-05,False
789238683,1.7989104173221607e-05,False
710074458,1.7989104173221607e-05,False
718005108,1.7989104173221607e-05,False
815826708,1.7989104173221607e-05,False
719195733,1.7989104173221607e-05,False
771666783,1.7989104173221607e-05,False
717628608,1.7989104173221607e-05,False
713015433,1.7989104173221607e-05,False
710120358,1.7989104173221607e-05,False
721532583,0.9999153853634436,True
720777558,1.7989104173221607e-05,False
719829633,1.7989104173221607e-05,False
718548558,1.7989104173221607e-05,False
712071708,1.7989104173221607e-05,False
771497283,1.7989104173221607e-05,False
721460283,0.9999153853634436,True
711129483,1.7989104173221607e-05,False
767564358,1.7989104173221607e-05,False
715029333,1.7989104173221607e-05,False
714968208,1.7989104173221607e-05,False
708300483,0.9999153853634436,True
717179508,1.7989104173221607e-05,False
716609433,0.9999153853634436,True
721092783,1.7989104173221607e-05,False
823539558,1.7989104173221607e-05,False
826130133,1.7989104173221607e-05,False
787480158,1.7989104173221607e-05,False
714987633,1.7989104173221607e-05,False
717401883,1.7989104173221607e-05,False
795795408,1.7989104173221607e-05,False
779613933,1.7989104173221607e-05,False
716750358,1.7989104173221607e-05,False
816378033,0.9999153853634436,True
719918358,1.7989104173221607e-05,False
710511858,1.7989104173221607e-05,False
713940033,1.7989104173221607e-05,False
708291633,1.7989104173221607e-05,False
710078358,1.7989104173221607e-05,False
718645308,1.7989104173221607e-05,False
808967883,1.7989104173221607e-05,False
778716783,1.7989104173221607e-05,False
716863458,0.9999153853634436,True
719572833,1.7989104173221607e-05,False
721464783,1.7989104173221607e-05,False
719716983,1.7989104173221607e-05,False
714588408,1.7989104173221607e-05,False
715952883,1.7989104173221607e-05,False
716458983,1.7989104173221607e-05,False
771204108,1.7989104173221607e-05,False
715572783,1.7989104173221607e-05,False
714860808,1.7989104173221607e-05,False
709816158,1.7989104173221607e-05,False
717060858,0.9999153853634436,True
789270033,1.7989104173221607e-05,False
708371733,1.7989104173221607e-05,False
709388058,1.7989104173221607e-05,False
711686658,1.7989104173221607e-05,False
710086308,1.7989104173221607e-05,False
773236983,1.7989104173221607e-05,False
714573258,1.7989104173221607e-05,False
714036258,1.7989104173221607e-05,False
711360783,1.7989104173221607e-05,False
779709033,1.7989104173221607e-05,False
720817533,1.7989104173221607e-05,False
718186233,1.7989104173221607e-05,False
713620308,1.7989104173221607e-05,False
712453308,1.7989104173221607e-05,False
715624533,1.7989104173221607e-05,False
720356133,1.7989104173221607e-05,False
778853358,1.7989104173221607e-05,False
711345258,1.7989104173221607e-05,False
714363858,1.7989104173221607e-05,False
708998583,1.7989104173221607e-05,False
719020983,1.7989104173221607e-05,False
709094358,1.7989104173221607e-05,False
712845258,1.7989104173221607e-05,False
720075558,1.7989104173221607e-05,False
720989133,1.7989104173221607e-05,False
821351958,1.7989104173221607e-05,False
719517258,1.7989104173221607e-05,False
715259583,1.7989104173221607e-05,False
708590658,1.7989104173221607e-05,False
772103208,1.7989104173221607e-05,False
717038733,1.7989104173221607e-05,False
771359958,1.7989104173221607e-05,False
714086133,1.7989104173221607e-05,False
719398158,1.7989104173221607e-05,False
771872733,1.7989104173221607e-05,False
710496708,1.7989104173221607e-05,False
713976258,1.7989104173221607e-05,False
720706008,1.7989104173221607e-05,False
711746133,0.9999153853634436,True
769662033,1.7989104173221607e-05,False
719022558,1.7989104173221607e-05,False
814181433,1.7989104173221607e-05,False
718949433,1.7989104173221607e-05,False
714051033,1.7989104173221607e-05,False
721169883,1.7989104173221607e-05,False
798962058,1.7989104173221607e-05,False
718510983,1.7989104173221607e-05,False
716071233,1.7989104173221607e-05,False
713876958,1.7989104173221607e-05,False
718311933,0.9999153853634436,True
715649358,0.9999153853634436,True
771097683,0.9999153853634436,True
768848658,1.7989104173221607e-05,False
711196458,0.9999153853634436,True
715729683,1.7989104173221607e-05,False
779509983,1.7989104173221607e-05,False
819258408,1.7989104173221607e-05,False
721207908,1.7989104173221607e-05,False
716067333,1.7989104173221607e-05,False
708394908,1.7989104173221607e-05,False
779114283,1.7989104173221607e-05,False
720877083,1.7989104173221607e-05,False
719989008,1.7989104173221607e-05,False
721232058,1.7989104173221607e-05,False
713352183,1.7989104173221607e-05,False
720578058,1.7989104173221607e-05,False
770839608,1.7989104173221607e-05,False
806250783,1.7989104173221607e-05,False
718587858,1.7989104173221607e-05,False
789893808,1.7989104173221607e-05,False
713014533,1.7989104173221607e-05,False
718589133,1.7989104173221607e-05,False
718775808,1.7989104173221607e-05,False
771092433,1.7989104173221607e-05,False
789849108,1.7989104173221607e-05,False
719998233,1.7989104173221607e-05,False
714534108,1.7989104173221607e-05,False
721062408,1.7989104173221607e-05,False
826414083,1.7989104173221607e-05,False
717325158,1.7989104173221607e-05,False
720662508,1.7989104173221607e-05,False
806624208,1.7989104173221607e-05,False
719583558,1.7989104173221607e-05,False
795392433,1.7989104173221607e-05,False
713086008,1.7989104173221607e-05,False
715013733,1.7989104173221607e-05,False
711448983,0.9999153853634436,True
709272333,1.7989104173221607e-05,False
720362058,0.9999153853634436,True
716858433,0.9999153853634436,True
717966933,1.7989104173221607e-05,False
709165533,1.7989104173221607e-05,False
717627333,1.7989104173221607e-05,False
712513458,1.7989104173221607e-05,False
710635083,1.7989104173221607e-05,False
712770408,0.9999153853634436,True
768643158,1.7989104173221607e-05,False
715986258,1.7989104173221607e-05,False
799020258,1.7989104173221607e-05,False
708249708,1.7989104173221607e-05,False
779263533,1.7989104173221607e-05,False
719654283,1.7989104173221607e-05,False
720219633,1.7989104173221607e-05,False
716492583,1.7989104173221607e-05,False
716894658,1.7989104173221607e-05,False
718676283,1.7989104173221607e-05,False
721137558,0.9999153853634436,True
711082908,1.7989104173221607e-05,False
715849983,1.7989104173221607e-05,False
711728208,1.7989104173221607e-05,False
779315508,0.9999153853634436,True
710801133,1.7989104173221607e-05,False
790006383,1.7989104173221607e-05,False
720677733,1.7989104173221607e-05,False
793560033,1.7989104173221607e-05,False
716222808,1.7989104173221607e-05,False
710360583,1.7989104173221607e-05,False
712296408,1.7989104173221607e-05,False
802668333,0.9999153853634436,True
711412533,0.9999153853634436,True
719217483,1.7989104173221607e-05,False
709769283,1.7989104173221607e-05,False
780036483,1.7989104173221607e-05,False
713937558,1.7989104173221607e-05,False
720299283,1.7989104173221607e-05,False
772137183,0.9999153853634436,True
720167508,1.7989104173221607e-05,False
807990108,1.7989104173221607e-05,False
715017858,1.7989104173221607e-05,False
710624658,1.7989104173221607e-05,False
771742533,1.7989104173221607e-05,False
710703708,1.7989104173221607e-05,False
713785608,1.7989104173221607e-05,False
719773158,1.7989104173221607e-05,False
773373108,1.7989104173221607e-05,False
827440458,0.9999153853634436,True
708863733,1.7989104173221607e-05,False
720924633,1.7989104173221607e-05,False
812493033,1.7989104173221607e-05,False
789301458,1.7989104173221607e-05,False
814529508,1.7989104173221607e-05,False
717701733,1.7989104173221607e-05,False
713135883,1.7989104173221607e-05,False
789074358,1.7989104173221607e-05,False
709098108,1.7989104173221607e-05,False
712396908,1.7989104173221607e-05,False
717538683,1.7989104173221607e-05,False
758202858,1.7989104173221607e-05,False
713227233,1.7989104173221607e-05,False
714294183,0.9999153853634436,True
719192808,1.7989104173221607e-05,False
716461683,1.7989104173221607e-05,False
720452508,1.7989104173221607e-05,False
710243208,1.7989104173221607e-05,False
714726858,0.9999153853634436,True
708357183,1.7989104173221607e-05,False
717600483,1.7989104173221607e-05,False
711636558,1.7989104173221607e-05,False
789212883,0.9999153853634436,True
716480358,1.7989104173221607e-05,False
715207458,1.7989104173221607e-05,False
711436983,1.7989104173221607e-05,False
712863183,1.7989104173221607e-05,False
717437058,1.7989104173221607e-05,False
709385133,1.7989104173221607e-05,False
709074108,1.7989104173221607e-05,False
711819708,0.9999153853634436,True
710856558,1.7989104173221607e-05,False
779922183,1.7989104173221607e-05,False
714107958,1.7989104173221607e-05,False
708185208,1.7989104173221607e-05,False
710980383,0.9999153853634436,True
769152783,0.9999153853634436,True
795810633,1.7989104173221607e-05,False
712552608,0.9999153853634436,True
788701608,1.7989104173221607e-05,False
794496033,1.7989104173221607e-05,False
771222558,1.7989104173221607e-05,False
751076058,1.7989104173221607e-05,False
716448783,0.9999153853634436,True
718941183,1.7989104173221607e-05,False
779542608,1.7989104173221607e-05,False
709432833,1.7989104173221607e-05,False
710138883,0.9999153853634436,True
789925833,1.7989104173221607e-05,False
710881008,1.7989104173221607e-05,False
772706283,1.7989104173221607e-05,False
809147283,1.7989104173221607e-05,False
806415183,1.7989104173221607e-05,False
778180158,1.7989104173221607e-05,False
718086783,1.7989104173221607e-05,False
823507833,1.7989104173221607e-05,False
721276383,1.7989104173221607e-05,False
718001508,1.7989104173221607e-05,False
798451908,1.7989104173221607e-05,False
709447908,1.7989104173221607e-05,False
711050058,1.7989104173221607e-05,False
803124408,0.9999153853634436,True
711428733,1.7989104173221607e-05,False
711854808,0.9999153853634436,True
709820658,1.7989104173221607e-05,False
709379283,1.7989104173221607e-05,False
796174983,1.7989104173221607e-05,False
711220683,1.7989104173221607e-05,False
804481608,1.7989104173221607e-05,False
794947683,1.7989104173221607e-05,False
810449883,1.7989104173221607e-05,False
711701058,1.7989104173221607e-05,False
708295533,1.7989104173221607e-05,False
788675658,1.7989104173221607e-05,False
815908908,0.9999153853634436,True
720730683,1.7989104173221607e-05,False
718445883,1.7989104173221607e-05,False
716149383,1.7989104173221607e-05,False
713373708,0.9999153853634436,True
811915383,1.7989104173221607e-05,False
779473308,1.7989104173221607e-05,False
719720058,1.7989104173221607e-05,False
714697533,1.7989104173221607e-05,False
778357458,1.7989104173221607e-05,False
716456808,1.7989104173221607e-05,False
711929058,1.7989104173221607e-05,False
709411383,1.7989104173221607e-05,False
714622833,1.7989104173221607e-05,False
716284308,1.7989104173221607e-05,False
771723408,0.9999153853634436,True
711242058,0.9999153853634436,True
710359458,1.7989104173221607e-05,False
708324483,1.7989104173221607e-05,False
787466808,1.7989104173221607e-05,False
799249833,1.7989104173221607e-05,False
719719158,1.7989104173221607e-05,False
720437358,1.7989104173221607e-05,False
720748608,0.9999153853634436,True
708758658,1.7989104173221607e-05,False
711249858,0.9999153853634436,True
712244733,1.7989104173221607e-05,False
780707733,1.7989104173221607e-05,False
769751958,1.7989104173221607e-05,False
718785483,1.7989104173221607e-05,False
720914358,1.7989104173221607e-05,False
716452908,1.7989104173221607e-05,False
710616183,1.7989104173221607e-05,False
718795083,1.7989104173221607e-05,False
782548758,1.7989104173221607e-05,False
771730758,1.7989104173221607e-05,False
778868958,0.9999153853634436,True
714109308,1.7989104173221607e-05,False
721299483,1.7989104173221607e-05,False
717714633,1.7989104173221607e-05,False
713552958,1.7989104173221607e-05,False
709912683,1.7989104173221607e-05,False
808284783,1.7989104173221607e-05,False
715225458,1.7989104173221607e-05,False
711311883,1.7989104173221607e-05,False
709343433,1.7989104173221607e-05,False
779420583,1.7989104173221607e-05,False
803648508,1.7989104173221607e-05,False
709730508,1.7989104173221607e-05,False
778973658,1.7989104173221607e-05,False
710044308,1.7989104173221607e-05,False
821179233,0.9999153853634436,True
709839858,1.7989104173221607e-05,False
718306308,1.7989104173221607e-05,False
717461283,0.9999153853634436,True
716468658,1.7989104173221607e-05,False
712895733,0.9999153853634436,True
720848733,1.7989104173221607e-05,False
715499808,1.7989104173221607e-05,False
823928058,1.7989104173221607e-05,False
819169683,1.7989104173221607e-05,False
713308683,1.7989104173221607e-05,False
779320008,0.9999153853634436,True
712829808,0.9999153853634436,True
715129233,1.7989104173221607e-05,False
716890533,1.7989104173221607e-05,False
714820158,0.9999153853634436,True
712521783,1.7989104173221607e-05,False
719446833,1.7989104173221607e-05,False
806264958,1.7989104173221607e-05,False
714505683,1.7989104173221607e-05,False
775112958,1.7989104173221607e-05,False
720212508,1.7989104173221607e-05,False
718133733,1.7989104173221607e-05,False
709198158,1.7989104173221607e-05,False
712027683,1.7989104173221607e-05,False
713269533,0.9999153853634436,True
715204083,1.7989104173221607e-05,False
792098883,1.7989104173221607e-05,False
771899433,0.9999153853634436,True
709222008,0.9999153853634436,True
772514808,1.7989104173221607e-05,False
717775608,1.7989104173221607e-05,False
789866133,1.7989104173221607e-05,False
713873658,1.7989104173221607e-05,False
720054183,1.7989104173221607e-05,False
778407033,1.7989104173221607e-05,False
735417408,1.7989104173221607e-05,False
719036883,1.7989104173221607e-05,False
710502258,1.7989104173221607e-05,False
720258183,1.7989104173221607e-05,False
709824633,1.7989104173221607e-05,False
711643458,1.7989104173221607e-05,False
820288233,1.7989104173221607e-05,False
720781158,1.7989104173221607e-05,False
709364433,1.7989104173221607e-05,False
713843283,1.7989104173221607e-05,False
774099708,1.7989104173221607e-05,False
708726708,0.9999153853634436,True
712718958,1.7989104173221607e-05,False
713183508,1.7989104173221607e-05,False
817086783,1.7989104173221607e-05,False
714537258,1.7989104173221607e-05,False
719816583,0.9999153853634436,True
772273983,0.9999153853634436,True
710749458,1.7989104173221607e-05,False
714754533,1.7989104173221607e-05,False
811081083,1.7989104173221607e-05,False
778430733,1.7989104173221607e-05,False
712401033,1.7989104173221607e-05,False
710108133,1.7989104173221607e-05,False
708355683,1.7989104173221607e-05,False
712004208,1.7989104173221607e-05,False
716019333,1.7989104173221607e-05,False
758426583,1.7989104173221607e-05,False
719249733,1.7989104173221607e-05,False
710697408,1.7989104173221607e-05,False
709497108,1.7989104173221607e-05,False
711600033,1.7989104173221607e-05,False
788755158,1.7989104173221607e-05,False
711825558,1.7989104173221607e-05,False
717579258,0.9999153853634436,True
716151858,1.7989104173221607e-05,False
721308033,0.9999153853634436,True
714418983,1.7989104173221607e-05,False
721084833,1.7989104173221607e-05,False
793636308,1.7989104173221607e-05,False
780222408,1.7989104173221607e-05,False
716682258,1.7989104173221607e-05,False
717385983,1.7989104173221607e-05,False
820584408,1.7989104173221607e-05,False
715150983,0.9999153853634436,True
778781508,0.9999153853634436,True
708967608,1.7989104173221607e-05,False
712947333,0.9999153853634436,True
756571983,1.7989104173221607e-05,False
779713608,1.7989104173221607e-05,False
778661358,1.7989104173221607e-05,False
717812133,1.7989104173221607e-05,False
714351558,1.7989104173221607e-05,False
824163333,1.7989104173221607e-05,False
717023508,1.7989104173221607e-05,False
716497908,1.7989104173221607e-05,False
718522308,1.7989104173221607e-05,False
716979183,1.7989104173221607e-05,False
717390408,0.9999153853634436,True
772596783,1.7989104173221607e-05,False
721498008,1.7989104173221607e-05,False
790141308,1.7989104173221607e-05,False
715915458,1.7989104173221607e-05,False
715047333,1.7989104173221607e-05,False
708796458,1.7989104173221607e-05,False
715686183,1.7989104173221607e-05,False
717571683,0.9999153853634436,True
710303208,1.7989104173221607e-05,False
778471758,1.7989104173221607e-05,False
708489258,1.7989104173221607e-05,False
779082633,1.7989104173221607e-05,False
720003558,1.7989104173221607e-05,False
789180933,1.7989104173221607e-05,False
799717458,1.7989104173221607e-05,False
768687183,1.7989104173221607e-05,False
719761458,1.7989104173221607e-05,False
756624183,1.7989104173221607e-05,False
756727233,1.7989104173221607e-05,False
804595158,1.7989104173221607e-05,False
709225758,1.7989104173221607e-05,False
716382708,0.9999153853634436,True
714544908,0.9999153853634436,True
720128658,0.9999153853634436,True
709612983,0.9999153853634436,True
814513008,1.7989104173221607e-05,False
811532208,1.7989104173221607e-05,False
708341958,1.7989104173221607e-05,False
713484483,1.7989104173221607e-05,False
801497508,1.7989104173221607e-05,False
779866458,1.7989104173221607e-05,False
769911858,1.7989104173221607e-05,False
819975183,1.7989104173221607e-05,False
720175008,1.7989104173221607e-05,False
715120608,1.7989104173221607e-05,False
780326883,1.7989104173221607e-05,False
778819083,0.9999153853634436,True
780197133,1.7989104173221607e-05,False
816310158,1.7989104173221607e-05,False
711480108,1.7989104173221607e-05,False
717389433,1.7989104173221607e-05,False
779302233,0.9999153853634436,True
710904708,1.7989104173221607e-05,False
717167283,1.7989104173221607e-05,False
708296883,1.7989104173221607e-05,False
713632983,0.9999153853634436,True
711206958,1.7989104173221607e-05,False
808891983,1.7989104173221607e-05,False
803796708,0.9999153853634436,True
713312208,0.9999153853634436,True
719694408,0.9999153853634436,True
708805908,0.9999153853634436,True
787547208,1.7989104173221607e-05,False
714855108,1.7989104173221607e-05,False
710809083,1.7989104173221607e-05,False
713497983,1.7989104173221607e-05,False
720923658,1.7989104173221607e-05,False
803231058,1.7989104173221607e-05,False
797241108,1.7989104173221607e-05,False
709212183,1.7989104173221607e-05,False
718200333,1.7989104173221607e-05,False
718310733,1.7989104173221607e-05,False
770590758,1.7989104173221607e-05,False
710725383,1.7989104173221607e-05,False
708494583,1.7989104173221607e-05,False
708633783,0.9999153853634436,True
717547383,1.7989104173221607e-05,False
710719683,1.7989104173221607e-05,False
710443833,1.7989104173221607e-05,False
772409733,1.7989104173221607e-05,False
788715483,1.7989104173221607e-05,False
721264533,1.7989104173221607e-05,False
720486408,1.7989104173221607e-05,False
715672458,1.7989104173221607e-05,False
717414933,1.7989104173221607e-05,False
794054058,1.7989104173221607e-05,False
714559458,0.9999153853634436,True
716094333,1.7989104173221607e-05,False
797466033,1.7989104173221607e-05,False
709932558,1.7989104173221607e-05,False
789550458,1.7989104173221607e-05,False
789535233,1.7989104173221607e-05,False
815072283,1.7989104173221607e-05,False
716732958,1.7989104173221607e-05,False
715294083,0.9999153853634436,True
718468158,1.7989104173221607e-05,False
771769383,1.7989104173221607e-05,False
778956033,1.7989104173221607e-05,False
822130683,1.7989104173221607e-05,False
716346183,1.7989104173221607e-05,False
714014733,0.9999153853634436,True
780108408,1.7989104173221607e-05,False
779645658,1.7989104173221607e-05,False
787509408,1.7989104173221607e-05,False
716230158,1.7989104173221607e-05,False
713058858,0.9999153853634436,True
778207083,0.9999153853634436,True
720152058,1.7989104173221607e-05,False
781926633,1.7989104173221607e-05,False
789197508,1.7989104173221607e-05,False
709979583,1.7989104173221607e-05,False
717066408,1.7989104173221607e-05,False
712747758,0.9999153853634436,True
715443708,1.7989104173221607e-05,False
788776008,1.7989104173221607e-05,False
717914808,1.7989104173221607e-05,False
772728933,0.9999153853634436,True
780307233,1.7989104173221607e-05,False
772341783,0.9999153853634436,True
770952933,1.7989104173221607e-05,False
767712558,0.9999153853634436,True
718082208,1.7989104173221607e-05,False
719106783,1.7989104173221607e-05,False
718229133,1.7989104173221607e-05,False
711711483,1.7989104173221607e-05,False
717967833,1.7989104173221607e-05,False
719628033,1.7989104173221607e-05,False
778849908,1.7989104173221607e-05,False
823904133,0.9999153853634436,True
712623258,0.9999153853634436,True
716934333,1.7989104173221607e-05,False
718665933,1.7989104173221607e-05,False
823635033,1.7989104173221607e-05,False
818712633,1.7989104173221607e-05,False
713726958,0.9999153853634436,True
778919583,1.7989104173221607e-05,False
789218433,1.7989104173221607e-05,False
818280108,1.7989104173221607e-05,False
715616358,1.7989104173221607e-05,False
716881683,0.9999153853634436,True
710854008,1.7989104173221607e-05,False
715625658,1.7989104173221607e-05,False
718940208,1.7989104173221607e-05,False
712287333,1.7989104173221607e-05,False
721294533,1.7989104173221607e-05,False
788802483,1.7989104173221607e-05,False
720210483,1.7989104173221607e-05,False
710799783,1.7989104173221607e-05,False
718067658,1.7989104173221607e-05,False
719112258,1.7989104173221607e-05,False
714087258,1.7989104173221607e-05,False
709443633,1.7989104173221607e-05,False
768805383,1.7989104173221607e-05,False
803776533,1.7989104173221607e-05,False
718230933,0.9999153853634436,True
712419708,1.7989104173221607e-05,False
781131483,1.7989104173221607e-05,False
772712658,1.7989104173221607e-05,False
713986908,1.7989104173221607e-05,False
799731033,1.7989104173221607e-05,False
780814158,1.7989104173221607e-05,False
721396758,1.7989104173221607e-05,False
779504058,1.7989104173221607e-05,False
718732833,0.9999153853634436,True
816312633,1.7989104173221607e-05,False
718042383,1.7989104173221607e-05,False
710780883,1.7989104173221607e-05,False
713334483,0.9999153853634436,True
788856408,1.7989104173221607e-05,False
822063408,1.7989104173221607e-05,False
711836733,1.7989104173221607e-05,False
711061908,1.7989104173221607e-05,False
708928008,1.7989104173221607e-05,False
710268858,1.7989104173221607e-05,False
714947883,1.7989104173221607e-05,False
789122808,0.9999153853634436,True
715463133,1.7989104173221607e-05,False
711251133,1.7989104173221607e-05,False
708488208,1.7989104173221607e-05,False
714312708,1.7989104173221607e-05,False
823833483,1.7989104173221607e-05,False
780588258,1.7989104173221607e-05,False
789780033,1.7989104173221607e-05,False
709269708,1.7989104173221607e-05,False
710541858,1.7989104173221607e-05,False
714894708,0.9999153853634436,True
743265108,1.7989104173221607e-05,False
716728233,1.7989104173221607e-05,False
823624158,1.7989104173221607e-05,False
718078008,1.7989104173221607e-05,False
780496833,0.9999153853634436,True
710884683,1.7989104173221607e-05,False
815504583,0.9999153853634436,True
721537683,1.7989104173221607e-05,False
714779733,1.7989104173221607e-05,False
718263108,0.9999153853634436,True
713060283,1.7989104173221607e-05,False
769095558,1.7989104173221607e-05,False
708446808,1.7989104173221607e-05,False
716739258,1.7989104173221607e-05,False
715469583,1.7989104173221607e-05,False
713432508,1.7989104173221607e-05,False
809425533,1.7989104173221607e-05,False
719127558,1.7989104173221607e-05,False
720535008,1.7989104173221607e-05,False
809855808,1.7989104173221607e-05,False
717862308,1.7989104173221607e-05,False
715500558,1.7989104173221607e-05,False
716340783,1.7989104173221607e-05,False
708895158,1.7989104173221607e-05,False
712936908,1.7989104173221607e-05,False
717661908,1.7989104173221607e-05,False
768624258,0.9999153853634436,True
715339758,1.7989104173221607e-05,False
716299608,0.9999153853634436,True
719267283,1.7989104173221607e-05,False
712701333,1.7989104173221607e-05,False
715395933,1.7989104173221607e-05,False
719207733,1.7989104173221607e-05,False
714046608,1.7989104173221607e-05,False
710577708,1.7989104173221607e-05,False
813905508,1.7989104173221607e-05,False
711458583,1.7989104173221607e-05,False
716399583,1.7989104173221607e-05,False
719245983,1.7989104173221607e-05,False
719148633,1.7989104173221607e-05,False
721051908,1.7989104173221607e-05,False
815078433,1.7989104173221607e-05,False
789582483,1.7989104173221607e-05,False
712133508,1.7989104173221607e-05,False
721091583,1.7989104173221607e-05,False
712381683,1.7989104173221607e-05,False
719301258,1.7989104173221607e-05,False
801363633,1.7989104173221607e-05,False
709766808,1.7989104173221607e-05,False
809941233,1.7989104173221607e-05,False
780006783,0.9999153853634436,True
766821033,0.9999153853634436,True
713923233,1.7989104173221607e-05,False
709077933,1.7989104173221607e-05,False
794719983,0.9999153853634436,True
712111608,1.7989104173221607e-05,False
714166833,1.7989104173221607e-05,False
718582158,1.7989104173221607e-05,False
710612583,1.7989104173221607e-05,False
713193408,1.7989104173221607e-05,False
720216108,1.7989104173221607e-05,False
715516458,0.9999153853634436,True
769396158,0.9999153853634436,True
780383358,1.7989104173221607e-05,False
720272958,0.9999153853634436,True
711861258,1.7989104173221607e-05,False
717656433,1.7989104173221607e-05,False
713075283,1.7989104173221607e-05,False
778643733,0.9999153853634436,True
789611283,1.7989104173221607e-05,False
714506583,1.7989104173221607e-05,False
717022533,1.7989104173221607e-05,False
710930508,1.7989104173221607e-05,False
710650608,1.7989104173221607e-05,False
789048858,1.7989104173221607e-05,False
793597833,1.7989104173221607e-05,False
711684408,0.9999153853634436,True
711372258,1.7989104173221607e-05,False
789115833,1.7989104173221607e-05,False
711023508,1.7989104173221607e-05,False
714019083,1.7989104173221607e-05,False
798546408,1.7989104173221607e-05,False
713830233,1.7989104173221607e-05,False
785351133,1.7989104173221607e-05,False
806900508,1.7989104173221607e-05,False
709850508,0.9999153853634436,True
713656308,1.7989104173221607e-05,False
710831133,1.7989104173221607e-05,False
778264008,1.7989104173221607e-05,False
780688383,1.7989104173221607e-05,False
817616433,1.7989104173221607e-05,False
770647233,1.7989104173221607e-05,False
709624533,1.7989104173221607e-05,False
772580958,1.7989104173221607e-05,False
720446508,1.7989104173221607e-05,False
717565233,1.7989104173221607e-05,False
721205508,1.7989104173221607e-05,False
772857558,1.7989104173221607e-05,False
720935658,1.7989104173221607e-05,False
714543633,0.9999153853634436,True
714528258,1.7989104173221607e-05,False
714581358,0.9999153853634436,True
806170158,1.7989104173221607e-05,False
708173433,1.7989104173221607e-05,False
720412308,1.7989104173221607e-05,False
716991933,0.9999153853634436,True
711964533,1.7989104173221607e-05,False
818791833,1.7989104173221607e-05,False
778420383,1.7989104173221607e-05,False
826717533,1.7989104173221607e-05,False
713962233,1.7989104173221607e-05,False
708642708,0.9999153853634436,True
788786208,1.7989104173221607e-05,False
714485508,1.7989104173221607e-05,False
719813058,1.7989104173221607e-05,False
710879283,1.7989104173221607e-05,False
712667058,1.7989104173221607e-05,False
754671558,1.7989104173221607e-05,False
816850458,0.9999153853634436,True
714197133,0.9999153853634436,True
809937933,1.7989104173221607e-05,False
716027208,1.7989104173221607e-05,False
720413658,1.7989104173221607e-05,False
709920258,1.7989104173221607e-05,False
721387008,1.7989104173221607e-05,False
780094008,1.7989104173221607e-05,False
720431433,1.7989104173221607e-05,False
713118183,1.7989104173221607e-05,False
710862258,1.7989104173221607e-05,False
713452533,1.7989104173221607e-05,False
711561933,1.7989104173221607e-05,False
709591533,1.7989104173221607e-05,False
715999608,1.7989104173221607e-05,False
715371108,0.9999153853634436,True
710528583,1.7989104173221607e-05,False
715800708,1.7989104173221607e-05,False
804867183,1.7989104173221607e-05,False
710096658,1.7989104173221607e-05,False
713320008,1.7989104173221607e-05,False
710590683,0.9999153853634436,True
712121508,1.7989104173221607e-05,False
711466533,1.7989104173221607e-05,False
738406533,1.7989104173221607e-05,False
715629783,1.7989104173221607e-05,False
720895533,1.7989104173221607e-05,False
711096633,0.9999153853634436,True
708248358,1.7989104173221607e-05,False
709693833,1.7989104173221607e-05,False
713475633,1.7989104173221607e-05,False
815324433,1.7989104173221607e-05,False
719269308,1.7989104173221607e-05,False
712350858,1.7989104173221607e-05,False
779447358,1.7989104173221607e-05,False
714785508,1.7989104173221607e-05,False
716641983,1.7989104173221607e-05,False
711670308,1.7989104173221607e-05,False
710770383,1.7989104173221607e-05,False
708344358,1.7989104173221607e-05,False
714585033,1.7989104173221607e-05,False
711136008,1.7989104173221607e-05,False
711315783,1.7989104173221607e-05,False
797641683,1.7989104173221607e-05,False
797998158,1.7989104173221607e-05,False
712040433,1.7989104173221607e-05,False
712311258,1.7989104173221607e-05,False
817960533,1.7989104173221607e-05,False
796532958,1.7989104173221607e-05,False
779210283,1.7989104173221607e-05,False
789692283,1.7989104173221607e-05,False
824157858,1.7989104173221607e-05,False
709120008,1.7989104173221607e-05,False
769145733,1.7989104173221607e-05,False
711255858,1.7989104173221607e-05,False
721384308,1.7989104173221607e-05,False
712597233,0.9999153853634436,True
710064033,0.9999153853634436,True
817094283,1.7989104173221607e-05,False
719930658,1.7989104173221607e-05,False
807393558,0.9999153853634436,True
793952133,1.7989104173221607e-05,False
713835258,1.7989104173221607e-05,False
710521383,1.7989104173221607e-05,False
715478733,1.7989104173221607e-05,False
795573333,1.7989104173221607e-05,False
779330208,1.7989104173221607e-05,False
780000258,1.7989104173221607e-05,False
718984533,1.7989104173221607e-05,False
714303483,1.7989104173221607e-05,False
714125883,1.7989104173221607e-05,False
720418383,1.7989104173221607e-05,False
711237633,0.9999153853634436,True
779224758,1.7989104173221607e-05,False
711909933,1.7989104173221607e-05,False
761079783,0.9999153853634436,True
710951808,1.7989104173221607e-05,False
822068583,1.7989104173221607e-05,False
789529158,1.7989104173221607e-05,False
815539233,0.9999153853634436,True
713672208,1.7989104173221607e-05,False
770800683,1.7989104173221607e-05,False
793630083,0.9999153853634436,True
712843983,0.9999153853634436,True
711421233,1.7989104173221607e-05,False
709626858,1.7989104173221607e-05,False
797138883,1.7989104173221607e-05,False
778780008,1.7989104173221607e-05,False
789151983,1.7989104173221607e-05,False
711173058,1.7989104173221607e-05,False
708095133,1.7989104173221607e-05,False
812222208,1.7989104173221607e-05,False
716680983,1.7989104173221607e-05,False
717511533,1.7989104173221607e-05,False
715024233,1.7989104173221607e-05,False
720674133,1.7989104173221607e-05,False
744307008,1.7989104173221607e-05,False
787505133,0.9999153853634436,True
770241333,1.7989104173221607e-05,False
720439533,1.7989104173221607e-05,False
787467858,1.7989104173221607e-05,False
772640808,1.7989104173221607e-05,False
717885183,1.7989104173221607e-05,False
768972558,1.7989104173221607e-05,False
720693033,0.9999153853634436,True
714076683,0.9999153853634436,True
811604133,1.7989104173221607e-05,False
710077008,1.7989104173221607e-05,False
710816358,1.7989104173221607e-05,False
770632758,1.7989104173221607e-05,False
714745608,1.7989104173221607e-05,False
718802283,1.7989104173221607e-05,False
709332408,1.7989104173221607e-05,False
752952108,1.7989104173221607e-05,False
719685408,0.9999153853634436,True
710969433,1.7989104173221607e-05,False
788122533,1.7989104173221607e-05,False
711675108,1.7989104173221607e-05,False
754654383,1.7989104173221607e-05,False
711762408,1.7989104173221607e-05,False
716673258,1.7989104173221607e-05,False
816091608,1.7989104173221607e-05,False
803415183,1.7989104173221607e-05,False
717427983,1.7989104173221607e-05,False
778378983,0.9999153853634436,True
709426608,1.7989104173221607e-05,False
711447783,1.7989104173221607e-05,False
712939533,1.7989104173221607e-05,False
780511683,0.9999153853634436,True
710841183,1.7989104173221607e-05,False
718354683,1.7989104173221607e-05,False
711118083,1.7989104173221607e-05,False
715102308,1.7989104173221607e-05,False
717961458,1.7989104173221607e-05,False
711834708,1.7989104173221607e-05,False
709467183,1.7989104173221607e-05,False
718274283,1.7989104173221607e-05,False
758317233,1.7989104173221607e-05,False
713993208,1.7989104173221607e-05,False
826548708,1.7989104173221607e-05,False
